<?xml version="1.0" encoding="UTF-8"?>
<root>
  <item name="io.branch.referral.util.ShareSheetStyle android.graphics.drawable.Drawable getDrawable(android.content.Context, int) 1">
    <annotation name="android.support.annotation.DrawableRes" />
  </item>
  <item name="io.branch.referral.util.ShareSheetStyle io.branch.referral.util.ShareSheetStyle setCopyUrlStyle(int, int, int) 0">
    <annotation name="android.support.annotation.DrawableRes" />
  </item>
  <item name="io.branch.referral.util.ShareSheetStyle io.branch.referral.util.ShareSheetStyle setCopyUrlStyle(int, int, int) 1">
    <annotation name="android.support.annotation.StringRes" />
  </item>
  <item name="io.branch.referral.util.ShareSheetStyle io.branch.referral.util.ShareSheetStyle setCopyUrlStyle(int, int, int) 2">
    <annotation name="android.support.annotation.StringRes" />
  </item>
  <item name="io.branch.referral.util.ShareSheetStyle io.branch.referral.util.ShareSheetStyle setMoreOptionStyle(int, int) 0">
    <annotation name="android.support.annotation.DrawableRes" />
  </item>
  <item name="io.branch.referral.util.ShareSheetStyle io.branch.referral.util.ShareSheetStyle setMoreOptionStyle(int, int) 1">
    <annotation name="android.support.annotation.StringRes" />
  </item>
  <item name="io.branch.referral.util.ShareSheetStyle io.branch.referral.util.ShareSheetStyle setStyleResourceID(int) 0">
    <annotation name="android.support.annotation.StyleRes" />
  </item>
</root>

